PRAGMA foreign_keys=OFF;
BEGIN TRANSACTION;
CREATE TABLE IF NOT EXISTS "django_migrations" ("id" integer NOT NULL PRIMARY KEY AUTOINCREMENT, "app" varchar(255) NOT NULL, "name" varchar(255) NOT NULL, "applied" datetime NOT NULL);
INSERT INTO django_migrations VALUES(1,'contenttypes','0001_initial','2024-03-15 04:47:59.473357');
INSERT INTO django_migrations VALUES(2,'contenttypes','0002_remove_content_type_name','2024-03-15 04:47:59.492496');
INSERT INTO django_migrations VALUES(3,'auth','0001_initial','2024-03-15 04:47:59.533436');
INSERT INTO django_migrations VALUES(4,'auth','0002_alter_permission_name_max_length','2024-03-15 04:47:59.560363');
INSERT INTO django_migrations VALUES(5,'auth','0003_alter_user_email_max_length','2024-03-15 04:47:59.578074');
INSERT INTO django_migrations VALUES(6,'auth','0004_alter_user_username_opts','2024-03-15 04:47:59.591216');
INSERT INTO django_migrations VALUES(7,'auth','0005_alter_user_last_login_null','2024-03-15 04:47:59.608787');
INSERT INTO django_migrations VALUES(8,'auth','0006_require_contenttypes_0002','2024-03-15 04:47:59.618336');
INSERT INTO django_migrations VALUES(9,'auth','0007_alter_validators_add_error_messages','2024-03-15 04:47:59.631418');
INSERT INTO django_migrations VALUES(10,'auth','0008_alter_user_username_max_length','2024-03-15 04:47:59.647132');
INSERT INTO django_migrations VALUES(11,'auth','0009_alter_user_last_name_max_length','2024-03-15 04:47:59.659191');
INSERT INTO django_migrations VALUES(12,'auth','0010_alter_group_name_max_length','2024-03-15 04:47:59.676278');
INSERT INTO django_migrations VALUES(13,'auth','0011_update_proxy_permissions','2024-03-15 04:47:59.686919');
INSERT INTO django_migrations VALUES(14,'auth','0012_alter_user_first_name_max_length','2024-03-15 04:47:59.703561');
INSERT INTO django_migrations VALUES(15,'account','0001_initial','2024-03-15 04:47:59.742207');
INSERT INTO django_migrations VALUES(16,'admin','0001_initial','2024-03-15 04:47:59.770268');
INSERT INTO django_migrations VALUES(17,'admin','0002_logentry_remove_auto_add','2024-03-15 04:47:59.798024');
INSERT INTO django_migrations VALUES(18,'admin','0003_logentry_add_action_flag_choices','2024-03-15 04:47:59.820116');
INSERT INTO django_migrations VALUES(19,'chat','0001_initial','2024-03-15 04:47:59.852605');
INSERT INTO django_migrations VALUES(20,'sessions','0001_initial','2024-03-15 04:47:59.868288');
INSERT INTO django_migrations VALUES(21,'account','0002_alter_customuser_profile_image','2024-03-15 11:09:35.863325');
INSERT INTO django_migrations VALUES(22,'chat','0002_chat_document','2024-03-29 09:12:52.149235');
CREATE TABLE IF NOT EXISTS "django_content_type" ("id" integer NOT NULL PRIMARY KEY AUTOINCREMENT, "app_label" varchar(100) NOT NULL, "model" varchar(100) NOT NULL);
INSERT INTO django_content_type VALUES(1,'admin','logentry');
INSERT INTO django_content_type VALUES(2,'auth','permission');
INSERT INTO django_content_type VALUES(3,'auth','group');
INSERT INTO django_content_type VALUES(4,'contenttypes','contenttype');
INSERT INTO django_content_type VALUES(5,'sessions','session');
INSERT INTO django_content_type VALUES(6,'chat','group');
INSERT INTO django_content_type VALUES(7,'chat','chat');
INSERT INTO django_content_type VALUES(8,'account','customuser');
INSERT INTO django_content_type VALUES(9,'account','userprofile');
CREATE TABLE IF NOT EXISTS "auth_group_permissions" ("id" integer NOT NULL PRIMARY KEY AUTOINCREMENT, "group_id" integer NOT NULL REFERENCES "auth_group" ("id") DEFERRABLE INITIALLY DEFERRED, "permission_id" integer NOT NULL REFERENCES "auth_permission" ("id") DEFERRABLE INITIALLY DEFERRED);
CREATE TABLE IF NOT EXISTS "auth_permission" ("id" integer NOT NULL PRIMARY KEY AUTOINCREMENT, "content_type_id" integer NOT NULL REFERENCES "django_content_type" ("id") DEFERRABLE INITIALLY DEFERRED, "codename" varchar(100) NOT NULL, "name" varchar(255) NOT NULL);
INSERT INTO auth_permission VALUES(1,1,'add_logentry','Can add log entry');
INSERT INTO auth_permission VALUES(2,1,'change_logentry','Can change log entry');
INSERT INTO auth_permission VALUES(3,1,'delete_logentry','Can delete log entry');
INSERT INTO auth_permission VALUES(4,1,'view_logentry','Can view log entry');
INSERT INTO auth_permission VALUES(5,2,'add_permission','Can add permission');
INSERT INTO auth_permission VALUES(6,2,'change_permission','Can change permission');
INSERT INTO auth_permission VALUES(7,2,'delete_permission','Can delete permission');
INSERT INTO auth_permission VALUES(8,2,'view_permission','Can view permission');
INSERT INTO auth_permission VALUES(9,3,'add_group','Can add group');
INSERT INTO auth_permission VALUES(10,3,'change_group','Can change group');
INSERT INTO auth_permission VALUES(11,3,'delete_group','Can delete group');
INSERT INTO auth_permission VALUES(12,3,'view_group','Can view group');
INSERT INTO auth_permission VALUES(13,4,'add_contenttype','Can add content type');
INSERT INTO auth_permission VALUES(14,4,'change_contenttype','Can change content type');
INSERT INTO auth_permission VALUES(15,4,'delete_contenttype','Can delete content type');
INSERT INTO auth_permission VALUES(16,4,'view_contenttype','Can view content type');
INSERT INTO auth_permission VALUES(17,5,'add_session','Can add session');
INSERT INTO auth_permission VALUES(18,5,'change_session','Can change session');
INSERT INTO auth_permission VALUES(19,5,'delete_session','Can delete session');
INSERT INTO auth_permission VALUES(20,5,'view_session','Can view session');
INSERT INTO auth_permission VALUES(21,6,'add_group','Can add group');
INSERT INTO auth_permission VALUES(22,6,'change_group','Can change group');
INSERT INTO auth_permission VALUES(23,6,'delete_group','Can delete group');
INSERT INTO auth_permission VALUES(24,6,'view_group','Can view group');
INSERT INTO auth_permission VALUES(25,7,'add_chat','Can add chat');
INSERT INTO auth_permission VALUES(26,7,'change_chat','Can change chat');
INSERT INTO auth_permission VALUES(27,7,'delete_chat','Can delete chat');
INSERT INTO auth_permission VALUES(28,7,'view_chat','Can view chat');
INSERT INTO auth_permission VALUES(29,8,'add_customuser','Can add user');
INSERT INTO auth_permission VALUES(30,8,'change_customuser','Can change user');
INSERT INTO auth_permission VALUES(31,8,'delete_customuser','Can delete user');
INSERT INTO auth_permission VALUES(32,8,'view_customuser','Can view user');
INSERT INTO auth_permission VALUES(33,9,'add_userprofile','Can add user profile');
INSERT INTO auth_permission VALUES(34,9,'change_userprofile','Can change user profile');
INSERT INTO auth_permission VALUES(35,9,'delete_userprofile','Can delete user profile');
INSERT INTO auth_permission VALUES(36,9,'view_userprofile','Can view user profile');
CREATE TABLE IF NOT EXISTS "auth_group" ("id" integer NOT NULL PRIMARY KEY AUTOINCREMENT, "name" varchar(150) NOT NULL UNIQUE);
CREATE TABLE IF NOT EXISTS "account_customuser_groups" ("id" integer NOT NULL PRIMARY KEY AUTOINCREMENT, "customuser_id" bigint NOT NULL REFERENCES "account_customuser" ("id") DEFERRABLE INITIALLY DEFERRED, "group_id" integer NOT NULL REFERENCES "auth_group" ("id") DEFERRABLE INITIALLY DEFERRED);
CREATE TABLE IF NOT EXISTS "account_customuser_user_permissions" ("id" integer NOT NULL PRIMARY KEY AUTOINCREMENT, "customuser_id" bigint NOT NULL REFERENCES "account_customuser" ("id") DEFERRABLE INITIALLY DEFERRED, "permission_id" integer NOT NULL REFERENCES "auth_permission" ("id") DEFERRABLE INITIALLY DEFERRED);
CREATE TABLE IF NOT EXISTS "account_userprofile" ("id" integer NOT NULL PRIMARY KEY AUTOINCREMENT, "user_id" bigint NOT NULL UNIQUE REFERENCES "account_customuser" ("id") DEFERRABLE INITIALLY DEFERRED);
CREATE TABLE IF NOT EXISTS "django_admin_log" ("id" integer NOT NULL PRIMARY KEY AUTOINCREMENT, "object_id" text NULL, "object_repr" varchar(200) NOT NULL, "action_flag" smallint unsigned NOT NULL CHECK ("action_flag" >= 0), "change_message" text NOT NULL, "content_type_id" integer NULL REFERENCES "django_content_type" ("id") DEFERRABLE INITIALLY DEFERRED, "user_id" bigint NOT NULL REFERENCES "account_customuser" ("id") DEFERRABLE INITIALLY DEFERRED, "action_time" datetime NOT NULL);
INSERT INTO django_admin_log VALUES(152,'9','admin',2,'[{"changed": {"fields": ["Profile image"]}}]',8,9,'2024-04-11 13:16:12.190167');
INSERT INTO django_admin_log VALUES(153,'10','krunal',2,'[{"changed": {"fields": ["Profile image"]}}]',8,9,'2024-04-11 13:16:23.274292');
INSERT INTO django_admin_log VALUES(154,'280','hI admin',3,'',7,9,'2024-04-11 13:17:06.545219');
INSERT INTO django_admin_log VALUES(155,'284','hiiii KD',3,'',7,9,'2024-04-11 13:20:10.219841');
INSERT INTO django_admin_log VALUES(156,'283','how are you',3,'',7,9,'2024-04-11 13:20:10.231359');
INSERT INTO django_admin_log VALUES(157,'282','hiiii KD',3,'',7,9,'2024-04-11 13:20:10.238575');
INSERT INTO django_admin_log VALUES(158,'281','hI admin',3,'',7,9,'2024-04-11 13:20:10.246371');
INSERT INTO django_admin_log VALUES(159,'285','hI admin',3,'',7,9,'2024-04-11 13:31:46.278499');
INSERT INTO django_admin_log VALUES(160,'286','hI admin',3,'',7,9,'2024-04-11 13:40:48.679583');
CREATE TABLE IF NOT EXISTS "chat_group" ("id" integer NOT NULL PRIMARY KEY AUTOINCREMENT, "name" varchar(20) NOT NULL UNIQUE);
INSERT INTO chat_group VALUES(27,'GUJRAT');
CREATE TABLE IF NOT EXISTS "chat_chat" ("id" integer NOT NULL PRIMARY KEY AUTOINCREMENT, "content" varchar(100) NOT NULL, "timestamp" datetime NOT NULL, "user_id" bigint NOT NULL REFERENCES "account_customuser" ("id") DEFERRABLE INITIALLY DEFERRED, "group_id" bigint NOT NULL REFERENCES "chat_group" ("id") DEFERRABLE INITIALLY DEFERRED, "document" varchar(100) NULL);
INSERT INTO chat_chat VALUES(287,'hI admin','2024-04-11 13:41:30.398899',10,27,'');
INSERT INTO chat_chat VALUES(288,'hiiii KD','2024-04-11 13:41:56.401128',9,27,'');
INSERT INTO chat_chat VALUES(289,'how are you','2024-04-11 13:42:04.054237',10,27,'');
INSERT INTO chat_chat VALUES(290,'','2024-04-11 13:42:14.299229',9,27,'data:image/png;base64,iVBORw0KGgoAAAANSUhEUgAAAOEAAADhCAMAAAAJbSJIAAAAgVBMVEX///8ZGRkAAAAXFxcWFhYRERHHx8eenp78/PyNjY0LCwuCgoJZWVnZ2dkbGxvR0dHv7+9UVFRMTEzm5ua4uLjExMRjY2Nzc3POzs7q6ur19fUuLi4+Pj4gICBHR0ewsLArKyuUlJRmZmbe3t45OTl+fn47Ozunp6d2dnaIiIh/f3/3tMAmAAAGvklEQVR4nO2ciXqiMBSFISSaSTW4t+C+dH3/B5wbUMsqFgvGfuefdr4qgjmekHtvCDoOAAAAAAAAAAAAAAAAAAAAAAAAAAAAAAAAAAAAAAAAAACACmTyD3nhhX8A+Tf1yelkQj9ER/5NDwcrpiLYcHDvtjTDYKS46xFqGP5RD0fCjRB/10MofHSg8PGBwscHCh8fixTWzvxpx/SuqUekUOtYYeiUv6wNbnnD7KeTeDgYcX7yUGZf06LIrA0/3PuC/+FIlXjYrotShv77v1p89tNtXX+mN889L/KQz5/SGyYt6iP6O5fVJNPSXnqr4to9DjWZ/Z7bM5H62Jpa4tZB66zCmfKu2tMobEkf/fpKaFdXt+oxFRLhTFFbr2vYAyokDzvcc/Wf7qVdRu9Yy8JihVf191Z76ReL39RLn4yeUe2dpXv5D4G8d0lhakgkhcnXfR+QnuWJw5PC9uLh01Gh5tqLiFt05rIXWQ9F6ijfEjn9SxyUfbQY8k8K+VLVi4fJnCYTD9kxLaWj5+Jh6x5qV+1e+v6JlzSdM9PovzNB2oux7/f9/pnO4pS1rab95AZ/fI9eyvw6u19sKGXeR4W9XF7aHieFHuv/+rEHIxUf/K71YbMKbaiAofAWoLAdLiiUx/o/HAfRUCgL6nnzlCzaYLBeYRwLgm5vsZqtpSML5jvo8cR3yoKG9QojD/0VE0IotguK9w+Ws9KgaL1CQzBnmnIvT7NhfuqQkE+MTctmIx9AoXS2UXHFqfQwdUReSV+4Kj+RduQBFDrBmziVB2qXuRZvLA1njKrEbsmxg5HSR4V3vI5/WeF+eS7/xWqQbqQxdE3uumI+Lj52lLWZQkrZ6+FeJxRmxxrycC7MFA/7LPaHPBScxinBSjtyC1weS4NFeS914ikQ+giEKK5LBrvD4m1BHHbWeihf2Ukhe89sks54TiU9FfUuey4xcXzE2G/heWiCQ7BUZi6Ce2yV3/z8LX8dP2MjVTnN9MAUdUM26ueu4bycTlLNxTx0HlGhjLri00F5i+4gt/Yu7KmThbw8Ytyfil5qoMxbFlzzW7PzOKtdvtk/oIfymGtHmUwuZRus1FmfJhNfH1BhRJypZbuojHZMTSGrThvNrUGlwvgnl5KOmYkU3wo1m9lp4TUKiy6Eyw+mM5es4ohhH5WzGKbIjwr51LNTEZ1/CYFcrErS0ztTrVA63czkPT0YUtWgk1fl6E+1baXFP+UKD/t8EaTrJuedZa+i0UnJ2f7ScHra1Pay/Svm2p5ZNp4HB56/Tqhd9lrW+O9gKi+uT2mCaoVTwfky7c5nzkLSRyOrmpYExcRQddvynRpUKgypjPXYR7JZLxuRFRhfK1SjsLj94anIGJsyyjIP10xzzlWyApyp/NoGExy1VxYx/MNmMzcsTX+3R6Fpyf4gaNB0VS88x8YJc0vQYhMUzhz7LnV1A/vXgqY0VR6a7ZocE+tjreEMhqpMIdXCkYK8QhNYTHyxT2GfxaOm5pvwmIV3Sy00H8XSLxpMLFVospmdouLPnHOabePn9vOCYebbRNXLpemOzQqnQscLUSieUwUo5fcOxQpJQ+eRemm4SJxybGc0v7CKRXC5eVWDtQq7yVWLnjuNu23FsqfspJzBVoXjZSo5UyOKFNXruvgmX2PYqvCJJZf0UWb9Lje8euUa+8odyVKF/jK9ZpHz1Ws8yV1hosgfyjqF0YC/UjqTnInSWJ/0WrNZmAmJ9ik0TJi+bi1lFs/la8d+hXKwErze2mFKT+eh7QqpeduqwHfBQzdbMtuocLwxDtbRSJ1U8/k4ldhYpTAeI+Rzvoz/CXEClFboWqIwpnPlmvQyuO44WQ8tUiidsMf0TR5SjWG3h++q5h0KZ9ITGlYpNB99uOG3dVJKfFIrG6xSaER+XqoBr8RjT8457lulkAb5PkWK24hKZrU/S7RLoePsfsFCkmlWaEgrFU6O3ypzCyL6WprzDSd2KZTbYe93GP6z0sNGgMImgcLfAQqb5HTvmrlE3Rz+MrrH654Kvdwdr7/KhEczr/f1UKy23cY4CH33XuppUecm0qtQTJxSuXv2UupGXhO4x/ucvXsp/I1C6Wq0y9pfVbRmnlt32vCHeObWm/YXv/WXbsHqn2agiMFaX/sm5RerOS/6c7SrPoqugTepj34CzWp+t8mPBWr2Nr7HSuJ+jx0XuzSHJzzOBRs2mTddINi+LUWzKPrVi23BFf6WCP1O00w7L+G9vi+56MbJpt7pXhJbOvstXekOAAAAAAAAAAAAAAAAAAAAAAAAAAAAAAAAAAAAAAAAAAD1+Q8XAH3ShIEPGgAAAABJRU5ErkJggg==');
CREATE TABLE IF NOT EXISTS "django_session" ("session_key" varchar(40) NOT NULL PRIMARY KEY, "session_data" text NOT NULL, "expire_date" datetime NOT NULL);
INSERT INTO django_session VALUES('4569f93rjy435msejux02hee96ir0e2v','e30:1rl0YZ:iQSu-iNbTZMA8uUVtKj4GrhYrBqqt7FA2JXO67Epcnc','2024-03-29 05:56:39.941166');
INSERT INTO django_session VALUES('zughl1hlm7upmdhmsruor9s3j4jhpja9','e30:1rl0Yb:1NXo5_UjAfNN8Af27Ty7b7gujLyOFl0zFsnBAu6YzEU','2024-03-29 05:56:41.013365');
INSERT INTO django_session VALUES('8i05k62ah4a9n2ridkczp9t759omm9i7','.eJxVjMsOwiAQAP-FsyFsy6N49N5vIFt2kaqBpLQn478bkh70OjOZtwh47DkcjbewkriKQVx-2YLxyaULemC5Vxlr2bd1kT2Rp21yrsSv29n-DTK23LcAekBUiIkInPJsLQMobchYPenkyJroIxtLLnmveCKvAZwzo-cxis8X1FI3Uw:1rm8fq:vIFnQLn5MqjLPNxu9tJZsXpv7JbA0vvfQJv4kA3ajoM','2024-04-01 08:48:50.627029');
INSERT INTO django_session VALUES('6sxzsuccpc3vp7k1iozkd3fnrsiw3gin','.eJxVjMsOwiAQAP-FsyFsy6N49N5vIFt2kaqBpLQn478bkh70OjOZtwh47DkcjbewkriKQVx-2YLxyaULemC5Vxlr2bd1kT2Rp21yrsSv29n-DTK23LcAekBUiIkInPJsLQMobchYPenkyJroIxtLLnmveCKvAZwzo-cxis8X1FI3Uw:1rmmim:j3X3iFiI61f6l9e8IPXokS1GTkgaDs4_oBjAkDENo_M','2024-04-03 03:34:32.949375');
INSERT INTO django_session VALUES('3mdgp7idy3r4nkw8tq7f919plqtz5lm1','.eJxVjLEOAiEQRP-F2pCwgRUs7f0GsiyLnBpIjrvK-O_eJVdoM8W8N_NWkdalxnXIHKesLsqp02-XiJ_SdpAf1O5dc2_LPCW9K_qgQ996ltf1cP8OKo26rb3nJGIFSypZyDKw8WjYOeeFAM-QmTmwNwJiUazhUIC2QAxsQH2-H485CA:1rmmi4:giLKrv5483ZAb4z7V6tIC-lhB0ZF2s2GXgPfwY13VKg','2024-04-03 03:33:48.796406');
INSERT INTO django_session VALUES('y7495uyyxslqrchw0lsmfpk52ktphwg5','.eJxVjMsOwiAQAP-FsyFsy6N49N5vIFt2kaqBpLQn478bkh70OjOZtwh47DkcjbewkriKQVx-2YLxyaULemC5Vxlr2bd1kT2Rp21yrsSv29n-DTK23LcAekBUiIkInPJsLQMobchYPenkyJroIxtLLnmveCKvAZwzo-cxis8X1FI3Uw:1rq855:Yq-SmzLWT5_qdGzm0FhGlqePCnGbVTagbWtkG3fFnD4','2024-04-12 08:59:23.964942');
INSERT INTO django_session VALUES('cm3l37wlh56x1plc4ne6mjqciaz1pe7m','.eJxVjDEOAiEQRe9CbQg4IBlLe89AZhiQVQPJslsZ766bbKHtf-_9l4q0LjWuI89xEnVWqA6_G1N65LYBuVO7dZ16W-aJ9abonQ597ZKfl939O6g06rcGzgWd976Y5MCBZ8sgwZIURwYMJOIMmG3gwARoBL01fCpF4OixqPcH7Xc4Jw:1ruuDc:_T-BAyPX2uvCWhRaovESKFjKrLp-tlzqLtWCk0JbNPI','2024-04-25 13:11:56.230633');
INSERT INTO django_session VALUES('9ef6yzrj5tbd0e2yvqot968f7evuktor','.eJxVjMsOwiAQRf-FtSGAhIdL934DmWEGqRpISrtq_Hdt0oVu7znnbiLButS0Dp7TROIitBKn3xEhP7nthB7Q7l3m3pZ5Qrkr8qBD3jrx63q4fwcVRv3WgTA7ziVasC7rYDmwDoWcYV-i80SRFKnoAcs5QOGgwCMaZbJB1CTeHzVyOV4:1ruuEu:qjdz_FrNoqejmd2zQ3bnK7yH2klTtwd7jFNHnzc0p1s','2024-04-25 13:13:16.962622');
INSERT INTO django_session VALUES('602j5vzxoqm3t07im76owwfl09kw0kll','.eJxVjDEOAiEQRe9CbQg4IBlLe89AZhiQVQPJslsZ766bbKHtf-_9l4q0LjWuI89xEnVWqA6_G1N65LYBuVO7dZ16W-aJ9abonQ597ZKfl939O6g06rcGzgWd976Y5MCBZ8sgwZIURwYMJOIMmG3gwARoBL01fCpF4OixqPcH7Xc4Jw:1rwlgG:fvilqTwwBxQvNoPG_ar3Oq6OXl8jzKj7C3GCAL4gFkQ','2024-04-30 16:29:12.451614');
CREATE TABLE IF NOT EXISTS "account_customuser" ("id" integer NOT NULL PRIMARY KEY AUTOINCREMENT, "password" varchar(128) NOT NULL, "last_login" datetime NULL, "is_superuser" bool NOT NULL, "username" varchar(150) NOT NULL UNIQUE, "first_name" varchar(150) NOT NULL, "last_name" varchar(150) NOT NULL, "email" varchar(254) NOT NULL, "is_staff" bool NOT NULL, "is_active" bool NOT NULL, "date_joined" datetime NOT NULL, "profile_image" varchar(100) NULL);
INSERT INTO account_customuser VALUES(9,'pbkdf2_sha256$720000$1rVFHxWYhjizhHyLDJ1Kyu$52lop0yZlS0A2T36ZoN3zQXy2k19kwCwegrNgIdi/N0=','2024-04-16 16:29:12.442954',1,'admin','','','',1,1,'2024-04-11 13:08:51','profile_images/download_KGMNVSr.jpg');
INSERT INTO account_customuser VALUES(10,'pbkdf2_sha256$720000$WBEENF1RvgalnWZCOWhm8O$Z4XxklRyczKdD0a7enHIlk+fGi0v4xLeAvCLjLHDhq8=','2024-04-11 13:42:04.036601',1,'krunal','','','',1,1,'2024-04-11 13:09:16','profile_images/download_rGUkQbh.png');
INSERT INTO account_customuser VALUES(11,'pbkdf2_sha256$720000$svb7UttNSRIoQxXTMncnGu$D6pqn+/u2YDw4FNiqdzPc61wUxPynFHv/R0wOpk4ixU=',NULL,1,'rahul','','','',1,1,'2024-04-11 13:09:43.344412','download_1.jpg');
DELETE FROM sqlite_sequence;
INSERT INTO sqlite_sequence VALUES('django_migrations',22);
INSERT INTO sqlite_sequence VALUES('django_content_type',9);
INSERT INTO sqlite_sequence VALUES('auth_permission',36);
INSERT INTO sqlite_sequence VALUES('auth_group',0);
INSERT INTO sqlite_sequence VALUES('django_admin_log',160);
INSERT INTO sqlite_sequence VALUES('chat_group',27);
INSERT INTO sqlite_sequence VALUES('chat_chat',290);
INSERT INTO sqlite_sequence VALUES('account_customuser',11);
CREATE UNIQUE INDEX "django_content_type_app_label_model_76bd3d3b_uniq" ON "django_content_type" ("app_label", "model");
CREATE UNIQUE INDEX "auth_group_permissions_group_id_permission_id_0cd325b0_uniq" ON "auth_group_permissions" ("group_id", "permission_id");
CREATE INDEX "auth_group_permissions_group_id_b120cbf9" ON "auth_group_permissions" ("group_id");
CREATE INDEX "auth_group_permissions_permission_id_84c5c92e" ON "auth_group_permissions" ("permission_id");
CREATE UNIQUE INDEX "auth_permission_content_type_id_codename_01ab375a_uniq" ON "auth_permission" ("content_type_id", "codename");
CREATE INDEX "auth_permission_content_type_id_2f476e4b" ON "auth_permission" ("content_type_id");
CREATE UNIQUE INDEX "account_customuser_groups_customuser_id_group_id_7e51db7b_uniq" ON "account_customuser_groups" ("customuser_id", "group_id");
CREATE INDEX "account_customuser_groups_customuser_id_b6c60904" ON "account_customuser_groups" ("customuser_id");
CREATE INDEX "account_customuser_groups_group_id_2be9f6d7" ON "account_customuser_groups" ("group_id");
CREATE UNIQUE INDEX "account_customuser_user_permissions_customuser_id_permission_id_650e378f_uniq" ON "account_customuser_user_permissions" ("customuser_id", "permission_id");
CREATE INDEX "account_customuser_user_permissions_customuser_id_03bcc114" ON "account_customuser_user_permissions" ("customuser_id");
CREATE INDEX "account_customuser_user_permissions_permission_id_f4aec423" ON "account_customuser_user_permissions" ("permission_id");
CREATE INDEX "django_admin_log_content_type_id_c4bce8eb" ON "django_admin_log" ("content_type_id");
CREATE INDEX "django_admin_log_user_id_c564eba6" ON "django_admin_log" ("user_id");
CREATE INDEX "chat_chat_user_id_bbe8a5b9" ON "chat_chat" ("user_id");
CREATE INDEX "chat_chat_group_id_4a299757" ON "chat_chat" ("group_id");
CREATE INDEX "django_session_expire_date_a5c62663" ON "django_session" ("expire_date");
COMMIT;
